김녕요트투어 주소,주소
김녕요트투어의 주소는?,주소
김녕요트투어 주소를 알고 싶어요,주소
김녕요트투어 주소를 알려주세요,주소
김녕요트투어의 주소를 알려주세요,주소
김녕요트투어의 주소를 알고 싶어요,주소
김녕요트투어의 주소를 알려주세요,주소
김녕요트투어 주소가 어떻게 되나요?,주소
김녕요트투어의 주소가 어떻게 되나요?,주소
김녕요트투어 위치가 어디인가요?,주소
김녕요트투어의 위치가 어디인가요?,주소
김녕요트투어의 위치를 알려주세요,주소
김녕요트투어의 위치가 어떻게 되나요?,주소
김녕요트투어 어디에요?,주소
김녕요트투어 어디있어요?,주소
김녕요트투어가 어디인가요,주소
김녕요트투어가 어디에 있나요?,주소
김녕요트투어가 어디에 있어요?,주소
김녕요트투어가 어딘가요,주소
김녕요트투어 가는 방법,주소
김녕요트투어 가는 방법을 알려주세요,주소
김녕요트투어의 영업시간은?,시간
김녕요트투어의 운영시간은?,시간
김녕요트투어의 영업시간이 어떻게 되나요?,시간
김녕요트투어의 운영시간이 어떻게 되나요?,시간
이번주 금요일 김녕요트투어,시간
이번주 토요일 김녕요트투어,시간
이번주 일요일 김녕요트투어,시간
김녕요트투어 언제 여나요?,시간
김녕요트투어 언제 열어요?,시간
김녕요트투어 언제 하나요?,시간
김녕요트투어 언제 이용가능한가요?,시간
김녕요트투어 지금 가도 되나요?,시간
김녕요트투어 휴무날,시간
김녕요트투어 휴무일,시간
김녕요트투어 쉬는 날,시간
김녕요트투어의 휴무일이 어떻게 되나요,시간
김녕요트투어 일요일에 쉬나요?,시간
김녕요트투어 휴무일은?,시간
김녕요트투어 휴무날은?,시간
김녕요트투어 쉬는날은?,시간
김녕요트투어 쉬는 요일은?,시간
김녕요트투어 월요일,시간
김녕요트투어 화요일,시간
김녕요트투어 수요일,시간
김녕요트투어 목요일,시간
김녕요트투어 금요일,시간
김녕요트투어 토요일,시간
김녕요트투어 일요일,시간
김녕요트투어 입장료,요금
김녕요트투어 입장료가 얼마인가요?,요금
김녕요트투어 입장료는 얼마인가요?,요금
김녕요트투어 입장요금,요금
김녕요트투어 입장요금은 얼마인가요?,요금
김녕요트투어 입장요금이 얼마인가요?,요금
김녕요트투어 입장요금을 알려주세요,요금
김녕요트투어 이용요금,요금
김녕요트투어 이용요금은 얼마인가요?,요금
김녕요트투어 이용요금이 얼마인가요?,요금
김녕요트투어 이용요금을 알려주세요,요금
김녕요트투어 얼마,요금
김녕요트투어 얼마인가요?,요금
김녕요트투어 비용,요금
김녕요트투어 비용은 얼마인가요?,요금
김녕요트투어 비용이 얼마인가요?,요금
김녕요트투어 비용을 알려주세요,요금
김녕요트투어 이용가격,요금
김녕요트투어 이용가격은?,요금
김녕요트투어 이용가격은 얼마인가요?,요금
김녕요트투어 이용가격이 얼마인가요?,요금
김녕요트투어 이용가격을 알려주세요,요금
김녕요트투어 주차,주차
김녕요트투어 주차장,주차
김녕요트투어 주차되나요?,주차
김녕요트투어 주차장 있나요?,주차
김녕요트투어 주차 가능한가요?,주차
김녕요트투어 주차요금,주차
김녕요트투어 주차요금은?,주차
김녕요트투어 주차요금 얼마야?,주차
김녕요트투어 주차요금은 얼마인가요?,주차
김녕요트투어 주차요금이 얼마인가요?,주차
김녕요트투어 주차요금을 알려주세요,주차
김녕요트투어 연락처 알려주세요,연락처
김녕요트투어의 연락처를 알려주세요,연락처
김녕요트투어 전화,연락처
김녕요트투어 전화번호,연락처
김녕요트투어 전화번호가 뭐에요?,연락처
김녕요트투어 전화번호가 뭔가요?,연락처
김녕요트투어 전화번호를 알려주세요,연락처
김녕요트투어 번호,연락처
김녕요트투어 번호가 뭐에요?,연락처
김녕요트투어 번호가 뭔가요?,연락처
김녕요트투어 번호를 알려주세요,연락처
김녕요트투어 고객센터 연결해주세요,연락처
김녕요트투어 고객센터번호,연락처
김녕요트투어 고객센터번호가 뭐에요?,연락처
김녕요트투어 고객센터번호가 뭔가요?,연락처
김녕요트투어 고객센터번호를 알려주세요,연락처
김녕요트투어 상담원,연락처
김녕요트투어 상담원 연결,연락처
